word,used
which,0
there,0
their,0
about,0
would,0
these,0
other,0
words,0
could,0
write,0
first,0
water,0
after,0
where,0
right,0
think,0
three,0
years,0
place,0
sound,0
great,0
again,0
still,0
every,0
small,0
found,0
those,0
never,0
under,0
might,0
while,0
house,0
world,0
below,0
asked,0
going,0
large,0
until,0
along,0
shall,0
being,0
often,0
earth,0
began,0
since,0
study,0
night,0
light,0
above,0
paper,0
parts,0
young,0
story,0
point,0
times,0
heard,0
whole,0
white,0
given,0
means,0
music,0
miles,0
thing,0
today,0
later,0
using,0
money,0
lines,0
order,0
group,0
among,0
learn,0
known,0
space,0
table,0
early,0
trees,0
short,0
hands,0
state,0
black,0
shown,0
stood,0
front,0
voice,0
kinds,0
makes,0
comes,0
close,0
power,0
lived,0
vowel,0
taken,0
built,0
heart,0
ready,0
quite,0
class,0
bring,0
round,0
horse,0
shows,0
piece,0
green,0
stand,0
birds,0
start,0
river,0
tried,0
least,0
field,0
whose,0
girls,0
leave,0
added,0
color,0
third,0
hours,0
moved,0
plant,0
doing,0
names,0
forms,0
heavy,0
ideas,0
cried,0
check,0
floor,0
begin,0
woman,0
alone,0
plane,0
spell,0
watch,0
carry,0
wrote,0
clear,0
named,0
books,0
child,0
glass,0
human,0
takes,0
party,0
build,0
seems,0
blood,0
sides,0
seven,0
mouth,0
solve,0
north,0
value,0
death,0
maybe,0
happy,0
tells,0
gives,0
looks,0
shape,0
lives,0
steps,0
areas,0
sense,0
speak,0
force,0
ocean,0
speed,0
women,0
metal,0
south,0
grass,0
scale,0
cells,0
lower,0
sleep,0
wrong,0
pages,0
ships,0
needs,0
rocks,0
eight,0
major,0
level,0
total,0
ahead,0
reach,0
stars,0
store,0
sight,0
terms,0
catch,0
works,0
board,0
cover,0
songs,0
equal,0
stone,0
waves,0
guess,0
dance,0
spoke,0
break,0
cause,0
radio,0
weeks,0
lands,0
basic,0
liked,0
trade,0
fresh,0
final,0
fight,0
meant,0
drive,0
spent,0
local,0
waxes,0
knows,0
train,0
bread,0
homes,0
teeth,0
coast,0
thick,0
brown,0
clean,0
quiet,0
sugar,0
facts,0
steel,0
forth,0
rules,0
notes,0
units,0
peace,0
month,0
verbs,0
seeds,0
helps,0
sharp,0
visit,0
woods,0
chief,0
walls,0
cross,0
wings,0
grown,0
cases,0
foods,0
crops,0
fruit,0
stick,0
wants,0
stage,0
sheep,0
nouns,0
plain,0
drink,0
bones,0
apart,0
turns,0
moves,0
touch,0
angle,0
based,0
range,0
marks,0
tired,0
older,0
farms,0
spend,0
shoes,0
goods,0
chair,0
twice,0
cents,0
empty,0
alike,0
style,0
broke,0
pairs,0
count,0
enjoy,0
score,0
shore,0
roots,0
paint,0
heads,0
shook,0
serve,0
angry,0
crowd,0
wheel,0
quick,0
dress,0
share,0
alive,0
noise,0
solid,0
cloth,0
signs,0
hills,0
types,0
drawn,0
worth,0
truck,0
piano,0
upper,0
loved,0
usual,0
faces,0
drove,0
cabin,0
boats,0
towns,0
proud,0
court,0
model,0
prime,0
fifty,0
plans,0
yards,0
prove,0
tools,0
price,0
sheet,0
smell,0
boxes,0
raise,0
match,0
truth,0
roads,0
threw,0
enemy,0
lunch,0
chart,0
scene,0
graph,0
doubt,0
guide,0
winds,0
block,0
grain,0
smoke,0
mixed,0
games,0
wagon,0
sweet,0
topic,0
extra,0
plate,0
title,0
knife,0
fence,0
falls,0
cloud,0
wheat,0
plays,0
enter,0
broad,0
steam,0
atoms,0
press,0
lying,0
basis,0
clock,0
taste,0
grows,0
thank,0
storm,0
agree,0
brain,0
track,0
smile,0
funny,0
beach,0
stock,0
hurry,0
saved,0
sorry,0
giant,0
trail,0
offer,0
ought,0
rough,0
daily,0
avoid,0
keeps,0
throw,0
allow,0
cream,0
laugh,0
edges,0
teach,0
frame,0
bells,0
dream,0
magic,0
occur,0
ended,0
chord,0
false,0
skill,0
holes,0
dozen,0
brave,0
apple,0
climb,0
outer,0
pitch,0
ruler,0
holds,0
fixed,0
costs,0
calls,0
blank,0
staff,0
labor,0
eaten,0
youth,0
tones,0
honor,0
globe,0
gases,0
doors,0
poles,0
loose,0
apply,0
tears,0
exact,0
brush,0
chest,0
layer,0
whale,0
minor,0
faith,0
tests,0
judge,0
items,0
worry,0
waste,0
hoped,0
strip,0
begun,0
aside,0
lakes,0
bound,0
depth,0
candy,0
event,0
worse,0
aware,0
shell,0
rooms,0
ranch,0
image,0
snake,0
aloud,0
dried,0
likes,0
motor,0
pound,0
knees,0
refer,0
fully,0
chain,0
shirt,0
flour,0
drops,0
spite,0
orbit,0
banks,0
shoot,0
curve,0
tribe,0
tight,0
blind,0
slept,0
shade,0
claim,0
flies,0
theme,0
queen,0
fifth,0
union,0
hence,0
straw,0
entry,0
issue,0
birth,0
feels,0
anger,0
brief,0
rhyme,0
glory,0
guard,0
flows,0
flesh,0
owned,0
trick,0
yours,0
sizes,0
noted,0
width,0
burst,0
route,0
lungs,0
uncle,0
bears,0
royal,0
kings,0
forty,0
trial,0
cards,0
brass,0
opera,0
chose,0
owner,0
vapor,0
beats,0
mouse,0
tough,0
wires,0
meter,0
tower,0
finds,0
inner,0
stuck,0
arrow,0
poems,0
label,0
swing,0
solar,0
truly,0
tense,0
beans,0
split,0
rises,0
weigh,0
hotel,0
stems,0
pride,0
swung,0
grade,0
digit,0
badly,0
boots,0
pilot,0
sales,0
swept,0
lucky,0
prize,0
stove,0
tubes,0
acres,0
wound,0
steep,0
slide,0
trunk,0
error,0
porch,0
slave,0
exist,0
faced,0
mines,0
marry,0
juice,0
raced,0
waved,0
goose,0
trust,0
fewer,0
favor,0
mills,0
views,0
joint,0
eager,0
spots,0
blend,0
rings,0
adult,0
index,0
nails,0
horns,0
balls,0
flame,0
rates,0
drill,0
trace,0
skins,0
waxed,0
seats,0
stuff,0
ratio,0
minds,0
dirty,0
silly,0
coins,0
hello,0
trips,0
leads,0
rifle,0
hopes,0
bases,0
shine,0
bench,0
moral,0
fires,0
meals,0
shake,0
shops,0
cycle,0
movie,0
slope,0
canoe,0
teams,0
folks,0
fired,0
bands,0
thumb,0
shout,0
canal,0
habit,0
reply,0
ruled,0
fever,0
crust,0
shelf,0
walks,0
midst,0
crack,0
print,0
tales,0
coach,0
stiff,0
flood,0
verse,0
awake,0
rocky,0
march,0
fault,0
swift,0
faint,0
civil,0
ghost,0
feast,0
blade,0
limit,0
germs,0
reads,0
ducks,0
dairy,0
worst,0
gifts,0
lists,0
stops,0
rapid,0
brick,0
claws,0
beads,0
beast,0
skirt,0
cakes,0
lions,0
frogs,0
tries,0
nerve,0
grand,0
armed,0
treat,0
honey,0
moist,0
legal,0
penny,0
crown,0
shock,0
taxes,0
sixty,0
altar,0
pulls,0
sport,0
drums,0
talks,0
dying,0
dates,0
drank,0
blows,0
lever,0
wages,0
proof,0
drugs,0
tanks,0
sings,0
tails,0
pause,0
herds,0
arose,0
hated,0
clues,0
novel,0
shame,0
burnt,0
races,0
flash,0
weary,0
heels,0
token,0
coats,0
spare,0
shiny,0
alarm,0
dimes,0
sixth,0
clerk,0
mercy,0
sunny,0
guest,0
float,0
shone,0
pipes,0
worms,0
bills,0
sweat,0
suits,0
smart,0
upset,0
rains,0
sandy,0
rainy,0
parks,0
sadly,0
fancy,0
rider,0
unity,0
bunch,0
rolls,0
crash,0
craft,0
newly,0
gates,0
hatch,0
paths,0
funds,0
wider,0
grace,0
grave,0
tides,0
admit,0
shift,0
sails,0
pupil,0
tiger,0
angel,0
cruel,0
agent,0
drama,0
urged,0
patch,0
nests,0
vital,0
sword,0
blame,0
weeds,0
screw,0
vocal,0
bacon,0
chalk,0
cargo,0
crazy,0
acted,0
goats,0
arise,0
witch,0
loves,0
queer,0
dwell,0
backs,0
ropes,0
shots,0
merry,0
phone,0
cheek,0
peaks,0
ideal,0
beard,0
eagle,0
creek,0
cries,0
ashes,0
stall,0
yield,0
mayor,0
opens,0
input,0
fleet,0
tooth,0
cubic,0
wives,0
burns,0
poets,0
apron,0
spear,0
organ,0
cliff,0
stamp,0
paste,0
rural,0
baked,0
chase,0
slice,0
slant,0
knock,0
noisy,0
sorts,0
stays,0
wiped,0
blown,0
piled,0
clubs,0
cheer,0
widow,0
twist,0
tenth,0
hides,0
comma,0
sweep,0
spoon,0
stern,0
crept,0
maple,0
deeds,0
rides,0
muddy,0
crime,0
jelly,0
ridge,0
drift,0
dusty,0
devil,0
tempo,0
humor,0
sends,0
steal,0
tents,0
waist,0
roses,0
reign,0
noble,0
cheap,0
dense,0
linen,0
geese,0
woven,0
posts,0
hired,0
wrath,0
salad,0
bowed,0
tires,0
shark,0
belts,0
grasp,0
blast,0
polar,0
fungi,0
tends,0
pearl,0
loads,0
jokes,0
veins,0
frost,0
hears,0
loses,0
hosts,0
diver,0
phase,0
toads,0
alert,0
tasks,0
seams,0
coral,0
focus,0
naked,0
puppy,0
jumps,0
spoil,0
quart,0
macro,0
fears,0
flung,0
spark,0
vivid,0
brook,0
steer,0
spray,0
decay,0
ports,0
socks,0
urban,0
goals,0
grant,0
minus,0
films,0
tunes,0
shaft,0
firms,0
skies,0
bride,0
wreck,0
flock,0
stare,0
hobby,0
bonds,0
dared,0
faded,0
thief,0
crude,0
pants,0
flute,0
votes,0
tonal,0
radar,0
wells,0
skull,0
hairs,0
argue,0
wears,0
dolls,0
voted,0
caves,0
cared,0
broom,0
scent,0
panel,0
fairy,0
olive,0
bends,0
prism,0
lamps,0
cable,0
peach,0
ruins,0
rally,0
schwa,0
lambs,0
sells,0
cools,0
draft,0
charm,0
limbs,0
brake,0
gazed,0
cubes,0
delay,0
beams,0
fetch,0
ranks,0
array,0
harsh,0
camel,0
vines,0
picks,0
naval,0
purse,0
rigid,0
crawl,0
toast,0
soils,0
sauce,0
basin,0
ponds,0
twins,0
wrist,0
fluid,0
pools,0
brand,0
stalk,0
robot,0
reeds,0
hoofs,0
buses,0
sheer,0
grief,0
bloom,0
dwelt,0
melts,0
risen,0
flags,0
knelt,0
fiber,0
roofs,0
freed,0
armor,0
piles,0
aimed,0
algae,0
twigs,0
lemon,0
ditch,0
drunk,0
rests,0
chill,0
slain,0
panic,0
cords,0
tuned,0
crisp,0
ledge,0
dived,0
swamp,0
clung,0
stole,0
molds,0
yarns,0
liver,0
gauge,0
breed,0
stool,0
gulls,0
awoke,0
gross,0
diary,0
rails,0
belly,0
trend,0
flask,0
stake,0
fried,0
draws,0
actor,0
handy,0
bowls,0
haste,0
scope,0
deals,0
knots,0
moons,0
essay,0
thump,0
hangs,0
bliss,0
dealt,0
gains,0
bombs,0
clown,0
palms,0
cones,0
roast,0
tidal,0
bored,0
chant,0
acids,0
dough,0
camps,0
swore,0
lover,0
hooks,0
males,0
cocoa,0
punch,0
award,0
reins,0
ninth,0
noses,0
links,0
drain,0
fills,0
nylon,0
lunar,0
pulse,0
flown,0
elbow,0
fatal,0
sites,0
moths,0
meats,0
foxes,0
mined,0
attic,0
fiery,0
mount,0
usage,0
swear,0
snowy,0
rusty,0
scare,0
traps,0
relax,0
react,0
valid,0
robin,0
cease,0
gills,0
prior,0
safer,0
polio,0
loyal,0
swell,0
salty,0
marsh,0
vague,0
weave,0
mound,0
seals,0
mules,0
virus,0
scout,0
acute,0
windy,0
stout,0
folds,0
seize,0
hilly,0
joins,0
pluck,0
stack,0
lords,0
dunes,0
burro,0
hawks,0
trout,0
feeds,0
scarf,0
halls,0
coals,0
towel,0
souls,0
elect,0
buggy,0
pumps,0
loans,0
spins,0
files,0
oxide,0
pains,0
photo,0
rival,0
flats,0
syrup,0
rodeo,0
sands,0
moose,0
pints,0
curly,0
comic,0
cloak,0
onion,0
clams,0
scrap,0
didst,0
couch,0
codes,0
fails,0
ounce,0
lodge,0
greet,0
gypsy,0
utter,0
paved,0
zones,0
fours,0
alley,0
tiles,0
bless,0
crest,0
elder,0
kills,0
yeast,0
erect,0
bugle,0
medal,0
roles,0
hound,0
snail,0
alter,0
ankle,0
relay,0
loops,0
zeros,0
bites,0
modes,0
debts,0
realm,0
glove,0
rayon,0
swims,0
poked,0
stray,0
lifts,0
maker,0
lumps,0
graze,0
dread,0
barns,0
docks,0
masts,0
pours,0
wharf,0
curse,0
plump,0
robes,0
seeks,0
cedar,0
curls,0
jolly,0
myths,0
cages,0
gloom,0
locks,0
pedal,0
beets,0
crows,0
anode,0
slash,0
creep,0
rowed,0
chips,0
fists,0
wines,0
cares,0
valve,0
newer,0
motel,0
ivory,0
necks,0
clamp,0
barge,0
blues,0
alien,0
frown,0
strap,0
crews,0
shack,0
gonna,0
saves,0
stump,0
ferry,0
idols,0
cooks,0
juicy,0
glare,0
carts,0
alloy,0
bulbs,0
lawns,0
lasts,0
fuels,0
oddly,0
crane,0
filed,0
weird,0
shawl,0
slips,0
troop,0
bolts,0
suite,0
sleek,0
quilt,0
tramp,0
blaze,0
atlas,0
odors,0
scrub,0
crabs,0
probe,0
logic,0
adobe,0
exile,0
rebel,0
grind,0
sting,0
spine,0
cling,0
desks,0
grove,0
leaps,0
prose,0
lofty,0
agony,0
snare,0
tusks,0
bulls,0
moods,0
humid,0
finer,0
dimly,0
plank,0
china,0
pines,0
guilt,0
sacks,0
brace,0
quote,0
lathe,0
gaily,0
fonts,0
scalp,0
adopt,0
foggy,0
ferns,0
grams,0
clump,0
perch,0
tumor,0
teens,0
crank,0
fable,0
hedge,0
genes,0
sober,0
boast,0
tract,0
cigar,0
unite,0
owing,0
thigh,0
haiku,0
swish,0
dikes,0
wedge,0
booth,0
eased,0
frail,0
cough,0
tombs,0
darts,0
forts,0
choir,0
pouch,0
pinch,0
hairy,0
buyer,0
torch,0
vigor,0
waltz,0
heats,0
herbs,0
users,0
flint,0
click,0
madam,0
bleak,0
blunt,0
aided,0
lacks,0
masks,0
waded,0
risks,0
nurse,0
chaos,0
sewed,0
cured,0
ample,0
lease,0
steak,0
sinks,0
merit,0
bluff,0
bathe,0
gleam,0
bonus,0
colts,0
shear,0
gland,0
silky,0
skate,0
birch,0
anvil,0
sleds,0
groan,0
maids,0
meets,0
speck,0
hymns,0
hints,0
drown,0
bosom,0
slick,0
quest,0
coils,0
spied,0
snows,0
stead,0
snack,0
plows,0
blond,0
tamed,0
thorn,0
waits,0
glued,0
banjo,0
tease,0
arena,0
bulky,0
carve,0
stunt,0
warms,0
shady,0
razor,0
folly,0
leafy,0
notch,0
fools,0
otter,0
pears,0
flush,0
genus,0
ached,0
fives,0
flaps,0
spout,0
smote,0
fumes,0
adapt,0
cuffs,0
tasty,0
stoop,0
clips,0
disks,0
sniff,0
lanes,0
brisk,0
imply,0
demon,0
super,0
furry,0
raged,0
growl,0
texts,0
hardy,0
stung,0
typed,0
hates,0
wiser,0
timid,0
serum,0
beaks,0
rotor,0
casts,0
baths,0
glide,0
plots,0
trait,0
resin,0
slums,0
lyric,0
puffs,0
decks,0
brood,0
mourn,0
aloft,0
abuse,0
whirl,0
edged,0
ovary,0
quack,0
heaps,0
slang,0
await,0
civic,0
saint,0
bevel,0
sonar,0
aunts,0
packs,0
froze,0
tonic,0
corps,0
swarm,0
frank,0
repay,0
gaunt,0
wired,0
niece,0
cello,0
needy,0
chuck,0
stony,0
media,0
surge,0
hurts,0
repel,0
husky,0
dated,0
hunts,0
mists,0
exert,0
dries,0
mates,0
sworn,0
baker,0
spice,0
oasis,0
boils,0
spurs,0
doves,0
sneak,0
paces,0
colon,0
siege,0
strum,0
drier,0
cacao,0
humus,0
bales,0
piped,0
nasty,0
rinse,0
boxer,0
shrub,0
amuse,0
tacks,0
cited,0
slung,0
delta,0
laden,0
larva,0
rents,0
yells,0
spool,0
spill,0
crush,0
jewel,0
snaps,0
stain,0
kicks,0
tying,0
slits,0
rated,0
eerie,0
smash,0
plums,0
zebra,0
earns,0
bushy,0
scary,0
squad,0
tutor,0
silks,0
slabs,0
bumps,0
evils,0
fangs,0
snout,0
peril,0
pivot,0
yacht,0
lobby,0
jeans,0
grins,0
viola,0
liner,0
comet,0
scars,0
chops,0
raids,0
eater,0
slate,0
skips,0
soles,0
misty,0
urine,0
knobs,0
sleet,0
holly,0
pests,0
forks,0
grill,0
trays,0
pails,0
borne,0
tenor,0
wares,0
carol,0
woody,0
canon,0
wakes,0
kitty,0
miner,0
polls,0
shaky,0
nasal,0
scorn,0
chess,0
taxis,0
crate,0
shyly,0
tulip,0
forge,0
nymph,0
budge,0
lowly,0
abide,0
depot,0
oases,0
asses,0
sheds,0
fudge,0
pills,0
rivet,0
thine,0
groom,0
lanky,0
boost,0
broth,0
heave,0
gravy,0
beech,0
timed,0
quail,0
inert,0
gears,0
chick,0
hinge,0
trash,0
clash,0
sighs,0
renew,0
bough,0
dwarf,0
slows,0
quill,0
shave,0
spore,0
sixes,0
chunk,0
madly,0
paced,0
braid,0
fuzzy,0
motto,0
spies,0
slack,0
mucus,0
magma,0
awful,0
discs,0
erase,0
posed,0
asset,0
cider,0
taper,0
theft,0
churn,0
satin,0
slots,0
taxed,0
bully,0
sloth,0
shale,0
tread,0
raked,0
curds,0
manor,0
aisle,0
bulge,0
loins,0
stair,0
tapes,0
leans,0
bunks,0
squat,0
towed,0
lance,0
panes,0
sakes,0
heirs,0
caste,0
dummy,0
pores,0
fauna,0
crook,0
poise,0
epoch,0
risky,0
warns,0
fling,0
berry,0
grape,0
flank,0
drags,0
squid,0
pelts,0
icing,0
irony,0
irons,0
barks,0
whoop,0
choke,0
diets,0
whips,0
tally,0
dozed,0
twine,0
kites,0
bikes,0
ticks,0
riots,0
roars,0
vault,0
looms,0
scold,0
blink,0
dandy,0
pupae,0
sieve,0
spike,0
ducts,0
lends,0
pizza,0
brink,0
widen,0
plumb,0
pagan,0
feats,0
bison,0
soggy,0
scoop,0
argon,0
nudge,0
skiff,0
amber,0
sexes,0
rouse,0
salts,0
hitch,0
exalt,0
leash,0
dined,0
chute,0
snort,0
gusts,0
melon,0
cheat,0
reefs,0
llama,0
lasso,0
debut,0
quota,0
oaths,0
prone,0
mixes,0
rafts,0
dives,0
stale,0
inlet,0
flick,0
pinto,0
brows,0
untie,0
batch,0
greed,0
chore,0
stirs,0
blush,0
onset,0
barbs,0
volts,0
beige,0
swoop,0
paddy,0
laced,0
shove,0
jerky,0
poppy,0
leaks,0
fares,0
dodge,0
godly,0
squaw,0
affix,0
brute,0
nicer,0
undue,0
snarl,0
merge,0
doses,0
showy,0
daddy,0
roost,0
vases,0
swirl,0
petty,0
colds,0
curry,0
cobra,0
genie,0
flare,0
messy,0
cores,0
soaks,0
ripen,0
whine,0
amino,0
plaid,0
spiny,0
mowed,0
baton,0
peers,0
vowed,0
pious,0
swans,0
exits,0
afoot,0
plugs,0
idiom,0
chili,0
rites,0
serfs,0
cleft,0
berth,0
grubs,0
annex,0
dizzy,0
hasty,0
latch,0
wasps,0
mirth,0
baron,0
plead,0
aloof,0
aging,0
pixel,0
bared,0
mummy,0
hotly,0
auger,0
buddy,0
chaps,0
badge,0
stark,0
fairs,0
gully,0
mumps,0
emery,0
filly,0
ovens,0
drone,0
gauze,0
idiot,0
fussy,0
annoy,0
shank,0
gouge,0
bleed,0
elves,0
roped,0
unfit,0
baggy,0
mower,0
scant,0
grabs,0
fleas,0
lousy,0
album,0
sawed,0
cooky,0
murky,0
infer,0
burly,0
waged,0
dingy,0
brine,0
kneel,0
creak,0
vanes,0
smoky,0
spurt,0
combs,0
easel,0
laces,0
humps,0
rumor,0
aroma,0
horde,0
swiss,0
leapt,0
opium,0
slime,0
afire,0
pansy,0
mares,0
soaps,0
husks,0
snips,0
hazel,0
lined,0
cafes,0
naive,0
wraps,0
sized,0
piers,0
beset,0
agile,0
tongs,0
steed,0
fraud,0
booty,0
valor,0
downy,0
witty,0
mossy,0
psalm,0
scuba,0
tours,0
polka,0
milky,0
gaudy,0
shrug,0
tufts,0
wilds,0
laser,0
truss,0
hares,0
creed,0
lilac,0
siren,0
tarry,0
bribe,0
swine,0
muted,0
flips,0
cures,0
sinew,0
boxed,0
hoops,0
gasps,0
hoods,0
niche,0
yucca,0
glows,0
sewer,0
whack,0
fuses,0
gowns,0
droop,0
bucks,0
pangs,0
mails,0
whisk,0
haven,0
clasp,0
sling,0
stint,0
urges,0
champ,0
piety,0
chirp,0
pleat,0
posse,0
sunup,0
menus,0
howls,0
quake,0
knack,0
plaza,0
fiend,0
caked,0
bangs,0
erupt,0
poker,0
olden,0
cramp,0
voter,0
poses,0
manly,0
slump,0
fined,0
grips,0
gaped,0
purge,0
hiked,0
maize,0
fluff,0
strut,0
sloop,0
prowl,0
roach,0
cocks,0
bland,0
dials,0
plume,0
slaps,0
soups,0
dully,0
wills,0
foams,0
solos,0
skier,0
eaves,0
totem,0
fused,0
latex,0
veils,0
mused,0
mains,0
myrrh,0
racks,0
galls,0
gnats,0
bouts,0
sisal,0
shuts,0
hoses,0
dryly,0
hover,0
gloss,0
seeps,0
denim,0
putty,0
guppy,0
leaky,0
dusky,0
filth,0
oboes,0
spans,0
fowls,0
adorn,0
glaze,0
haunt,0
dares,0
obeys,0
bakes,0
abyss,0
smelt,0
gangs,0
aches,0
trawl,0
claps,0
undid,0
spicy,0
hoist,0
fades,0
vicar,0
acorn,0
pussy,0
gruff,0
musty,0
tarts,0
snuff,0
hunch,0
truce,0
tweed,0
dryer,0
loser,0
sheaf,0
moles,0
lapse,0
tawny,0
vexed,0
autos,0
wager,0
domes,0
sheen,0
clang,0
spade,0
sowed,0
broil,0
slyly,0
studs,0
grunt,0
donor,0
slugs,0
aspen,0
homer,0
croak,0
tithe,0
halts,0
avert,0
havoc,0
hogan,0
glint,0
ruddy,0
jeeps,0
flaky,0
ladle,0
taunt,0
snore,0
fines,0
props,0
prune,0
pesos,0
radii,0
pokes,0
tiled,0
daisy,0
heron,0
villa,0
farce,0
binds,0
cites,0
fixes,0
jerks,0
livid,0
waked,0
inked,0
booms,0
chews,0
licks,0
hyena,0
scoff,0
lusty,0
sonic,0
smith,0
usher,0
tucks,0
vigil,0
molts,0
sects,0
spars,0
dumps,0
scaly,0
wisps,0
sores,0
mince,0
panda,0
flier,0
axles,0
plied,0
booby,0
patio,0
rabbi,0
petal,0
polyp,0
tints,0
grate,0
troll,0
tolls,0
relic,0
phony,0
bleat,0
flaws,0
flake,0
snags,0
aptly,0
drawl,0
ulcer,0
soapy,0
bossy,0
monks,0
crags,0
caged,0
twang,0
diner,0
taped,0
cadet,0
grids,0
spawn,0
guile,0
noose,0
mores,0
girth,0
slimy,0
aides,0
spasm,0
burrs,0
alibi,0
lymph,0
saucy,0
muggy,0
liter,0
joked,0
goofy,0
exams,0
enact,0
stork,0
lured,0
toxic,0
omens,0
nears,0
covet,0
wrung,0
forum,0
venom,0
moody,0
alder,0
sassy,0
flair,0
guild,0
prays,0
wrens,0
hauls,0
stave,0
tilts,0
pecks,0
stomp,0
gales,0
tempt,0
capes,0
mesas,0
omits,0
tepee,0
harry,0
wring,0
evoke,0
limes,0
cluck,0
lunge,0
highs,0
canes,0
giddy,0
lithe,0
verge,0
khaki,0
queue,0
loath,0
foyer,0
outdo,0
fared,0
deter,0
crumb,0
astir,0
spire,0
jumpy,0
extol,0
buoys,0
stubs,0
lucid,0
thong,0
afore,0
whiff,0
maxim,0
hulls,0
clogs,0
slats,0
jiffy,0
arbor,0
cinch,0
igloo,0
goody,0
gazes,0
dowel,0
calms,0
bitch,0
scowl,0
gulps,0
coded,0
waver,0
mason,0
lobes,0
ebony,0
flail,0
isles,0
clods,0
dazed,0
adept,0
oozed,0
sedan,0
clays,0
warts,0
ketch,0
skunk,0
manes,0
adore,0
sneer,0
mango,0
fiord,0
flora,0
roomy,0
minks,0
thaws,0
watts,0
freer,0
exult,0
plush,0
paled,0
twain,0
clink,0
scamp,0
pawed,0
grope,0
bravo,0
gable,0
stink,0
sever,0
waned,0
rarer,0
regal,0
wards,0
fawns,0
babes,0
unify,0
amend,0
oaken,0
glade,0
visor,0
hefty,0
nines,0
throb,0
pecan,0
butts,0
pence,0
sills,0
jails,0
flyer,0
saber,0
nomad,0
miter,0
beeps,0
domed,0
gulfs,0
curbs,0
heath,0
moors,0
aorta,0
larks,0
tangy,0
wryly,0
cheep,0
rages,0
evade,0
lures,0
freak,0
vogue,0
tunic,0
slams,0
knits,0
dumpy,0
mania,0
spits,0
firth,0
hikes,0
trots,0
nosed,0
clank,0
dogma,0
bloat,0
balsa,0
graft,0
middy,0
stile,0
keyed,0
finch,0
sperm,0
chaff,0
wiles,0
amigo,0
copra,0
amiss,0
eying,0
twirl,0
lurch,0
popes,0
chins,0
smock,0
tines,0
guise,0
grits,0
junks,0
shoal,0
cache,0
tapir,0
atoll,0
deity,0
toils,0
spree,0
mocks,0
scans,0
shorn,0
revel,0
raven,0
hoary,0
reels,0
scuff,0
mimic,0
weedy,0
corny,0
truer,0
rouge,0
ember,0
floes,0
torso,0
wipes,0
edict,0
sulky,0
recur,0
groin,0
baste,0
kinks,0
surer,0
piggy,0
moldy,0
franc,0
liars,0
inept,0
gusty,0
facet,0
jetty,0
equip,0
leper,0
slink,0
soars,0
cater,0
dowry,0
sided,0
yearn,0
decoy,0
taboo,0
ovals,0
heals,0
pleas,0
beret,0
spilt,0
gayly,0
rover,0
endow,0
pygmy,0
carat,0
abbey,0
vents,0
waken,0
chimp,0
fumed,0
sodas,0
vinyl,0
clout,0
wades,0
mites,0
smirk,0
bores,0
bunny,0
surly,0
frock,0
foray,0
purer,0
milks,0
query,0
mired,0
blare,0
froth,0
gruel,0
navel,0
paler,0
puffy,0
casks,0
grime,0
derby,0
mamma,0
gavel,0
teddy,0
vomit,0
moans,0
allot,0
defer,0
wield,0
viper,0
louse,0
erred,0
hewed,0
abhor,0
wrest,0
waxen,0
adage,0
ardor,0
stabs,0
pored,0
rondo,0
loped,0
fishy,0
bible,0
hires,0
foals,0
feuds,0
jambs,0
thuds,0
jeers,0
knead,0
quirk,0
rugby,0
expel,0
greys,0
rigor,0
ester,0
lyres,0
aback,0
glues,0
lotus,0
lurid,0
rungs,0
hutch,0
thyme,0
valet,0
tommy,0
yokes,0
epics,0
trill,0
pikes,0
ozone,0
caper,0
chime,0
frees,0
famed,0
leech,0
smite,0
neigh,0
erode,0
robed,0
hoard,0
salve,0
conic,0
gawky,0
craze,0
jacks,0
gloat,0
mushy,0
rumps,0
fetus,0
wince,0
pinks,0
shalt,0
toots,0
glens,0
cooed,0
rusts,0
stews,0
shred,0
parka,0
chugs,0
winks,0
clots,0
shrew,0
booed,0
filmy,0
juror,0
dents,0
gummy,0
grays,0
hooky,0
butte,0
dogie,0
poled,0
reams,0
fifes,0
spank,0
gayer,0
tepid,0
spook,0
taint,0
flirt,0
rogue,0
spiky,0
opals,0
miser,0
cocky,0
coyly,0
balmy,0
slosh,0
brawl,0
aphid,0
faked,0
hydra,0
brags,0
chide,0
yanks,0
allay,0
video,0
altos,0
eases,0
meted,0
chasm,0
longs,0
excel,0
taffy,0
impel,0
savor,0
koala,0
quays,0
dawns,0
proxy,0
clove,0
duets,0
dregs,0
tardy,0
briar,0
grimy,0
ultra,0
meaty,0
halve,0
wails,0
suede,0
mauve,0
envoy,0
arson,0
coves,0
gooey,0
brews,0
sofas,0
chums,0
amaze,0
zooms,0
abbot,0
halos,0
scour,0
suing,0
cribs,0
sagas,0
enema,0
wordy,0
harps,0
coupe,0
molar,0
flops,0
weeps,0
mints,0
ashen,0
felts,0
askew,0
munch,0
mewed,0
divan,0
vices,0
jumbo,0
blobs,0
blots,0
spunk,0
acrid,0
topaz,0
cubed,0
clans,0
flees,0
slurs,0
gnaws,0
welds,0
fords,0
emits,0
agate,0
pumas,0
mends,0
darks,0
dukes,0
plies,0
canny,0
hoots,0
oozes,0
lamed,0
fouls,0
clefs,0
nicks,0
mated,0
skims,0
brunt,0
tuber,0
tinge,0
fates,0
ditty,0
thins,0
frets,0
eider,0
bayou,0
mulch,0
fasts,0
amass,0
damps,0
morns,0
friar,0
palsy,0
vista,0
croon,0
conch,0
udder,0
tacos,0
skits,0
mikes,0
quits,0
preen,0
aster,0
adder,0
elegy,0
pulpy,0
scows,0
baled,0
hovel,0
lavas,0
crave,0
optic,0
welts,0
busts,0
knave,0
razed,0
shins,0
totes,0
scoot,0
dears,0
crock,0
mutes,0
trims,0
skein,0
doted,0
shuns,0
veers,0
fakes,0
yoked,0
wooed,0
hacks,0
sprig,0
wands,0
lulls,0
seers,0
snobs,0
nooks,0
pined,0
perky,0
mooed,0
frill,0
dines,0
booze,0
tripe,0
prong,0
drips,0
odder,0
levee,0
antic,0
sidle,0
pithy,0
corks,0
yelps,0
joker,0
fleck,0
buffs,0
scram,0
tiers,0
bogey,0
doled,0
irate,0
vales,0
coped,0
hails,0
elude,0
bulks,0
aired,0
vying,0
stags,0
strew,0
cocci,0
pacts,0
scabs,0
silos,0
dusts,0
yodel,0
terse,0
jaded,0
baser,0
jibes,0
foils,0
sways,0
forgo,0
slays,0
preys,0
treks,0
quell,0
peeks,0
assay,0
lurks,0
eject,0
boars,0
trite,0
belch,0
gnash,0
wanes,0
lutes,0
whims,0
dosed,0
chewy,0
snipe,0
umbra,0
teems,0
dozes,0
kelps,0
upped,0
brawn,0
doped,0
shush,0
rinds,0
slush,0
moron,0
voile,0
woken,0
fjord,0
sheik,0
jests,0
kayak,0
slews,0
toted,0
saner,0
drape,0
patty,0
raves,0
sulfa,0
grist,0
skied,0
vixen,0
civet,0
vouch,0
tiara,0
homey,0
moped,0
runts,0
serge,0
kinky,0
rills,0
corns,0
brats,0
pries,0
amble,0
fries,0
loons,0
tsars,0
datum,0
musky,0
pigmy,0
gnome,0
ravel,0
ovule,0
icily,0
liken,0
lemur,0
frays,0
silts,0
sifts,0
plods,0
ramps,0
tress,0
earls,0
dudes,0
waive,0
karat,0
jolts,0
peons,0
beers,0
horny,0
pales,0
wreak,0
lairs,0
lynch,0
stank,0
swoon,0
idler,0
abort,0
blitz,0
ensue,0
atone,0
bingo,0
roves,0
kilts,0
scald,0
adios,0
cynic,0
dulls,0
memos,0
elfin,0
dales,0
peels,0
peals,0
bares,0
sinus,0
crone,0
sable,0
hinds,0
shirk,0
enrol,0
wilts,0
roams,0
duped,0
cysts,0
mitts,0
safes,0
spats,0
coops,0
filet,0
knell,0
refit,0
covey,0
punks,0
kilns,0
fitly,0
abate,0
talcs,0
heeds,0
duels,0
wanly,0
ruffs,0
gauss,0
lapel,0
jaunt,0
whelp,0
cleat,0
gauzy,0
dirge,0
edits,0
wormy,0
moats,0
smear,0
prods,0
bowel,0
frisk,0
vests,0
bayed,0
rasps,0
tames,0
delve,0
embed,0
befit,0
wafer,0
ceded,0
novas,0
feign,0
spews,0
larch,0
huffs,0
doles,0
mamas,0
hulks,0
pried,0
brims,0
irked,0
aspic,0
swipe,0
mealy,0
skimp,0
bluer,0
slake,0
dowdy,0
penis,0
brays,0
pupas,0
egret,0
flunk,0
phlox,0
gripe,0
peony,0
douse,0
blurs,0
darns,0
slunk,0
lefts,0
chats,0
inane,0
vials,0
stilt,0
rinks,0
woofs,0
wowed,0
bongs,0
frond,0
ingot,0
evict,0
singe,0
shyer,0
flied,0
slops,0
dolts,0
drool,0
dells,0
whelk,0
hippy,0
feted,0
ether,0
cocos,0
hives,0
jibed,0
mazes,0
trios,0
sirup,0
squab,0
laths,0
leers,0
pasta,0
rifts,0
lopes,0
alias,0
whirs,0
diced,0
slags,0
lodes,0
foxed,0
idled,0
prows,0
plait,0
malts,0
chafe,0
cower,0
toyed,0
chefs,0
keels,0
sties,0
racer,0
etude,0
sucks,0
sulks,0
micas,0
czars,0
copse,0
ailed,0
abler,0
rabid,0
golds,0
croup,0
snaky,0
visas,0
palls,0
mopes,0
boned,0
wispy,0
raved,0
swaps,0
junky,0
doily,0
pawns,0
tamer,0
poach,0
baits,0
damns,0
gumbo,0
daunt,0
prank,0
hunks,0
buxom,0
heres,0
honks,0
stows,0
unbar,0
idles,0
routs,0
sages,0
goads,0
remit,0
copes,0
deign,0
culls,0
girds,0
haves,0
lucks,0
stunk,0
dodos,0
shams,0
snubs,0
icons,0
usurp,0
dooms,0
hells,0
soled,0
comas,0
paves,0
maths,0
perks,0
limps,0
wombs,0
blurb,0
daubs,0
cokes,0
sours,0
stuns,0
cased,0
musts,0
coeds,0
cowed,0
aping,0
zoned,0
rummy,0
fetes,0
skulk,0
quaff,0
rajah,0
deans,0
reaps,0
galas,0
tills,0
roved,0
kudos,0
toned,0
pared,0
scull,0
vexes,0
punts,0
snoop,0
bails,0
dames,0
hazes,0
lores,0
marts,0
voids,0
ameba,0
rakes,0
adzes,0
harms,0
rears,0
satyr,0
swill,0
hexes,0
colic,0
leeks,0
hurls,0
yowls,0
ivies,0
plops,0
musks,0
papaw,0
jells,0
bused,0
cruet,0
bided,0
filch,0
zests,0
rooks,0
laxly,0
rends,0
loams,0
basks,0
sires,0
carps,0
pokey,0
flits,0
muses,0
bawls,0
shuck,0
viler,0
lisps,0
peeps,0
sorer,0
lolls,0
prude,0
diked,0
floss,0
flogs,0
scums,0
dopes,0
bogie,0
pinky,0
leafs,0
tubas,0
scads,0
lowed,0
yeses,0
biked,0
qualm,0
evens,0
caned,0
gawks,0
whits,0
wooly,0
gluts,0
romps,0
bests,0
dunce,0
crony,0
joist,0
tunas,0
boner,0
malls,0
parch,0
avers,0
crams,0
pares,0
dally,0
bigot,0
kales,0
flays,0
leach,0
gushy,0
pooch,0
huger,0
slyer,0
golfs,0
mires,0
flues,0
loafs,0
arced,0
acnes,0
neons,0
fiefs,0
dints,0
dazes,0
pouts,0
cored,0
yules,0
lilts,0
beefs,0
mutts,0
fells,0
cowls,0
spuds,0
lames,0
jawed,0
dupes,0
deads,0
bylaw,0
noons,0
nifty,0
clued,0
vireo,0
gapes,0
metes,0
cuter,0
maims,0
droll,0
cupid,0
mauls,0
sedge,0
papas,0
wheys,0
eking,0
loots,0
hilts,0
meows,0
beaus,0
dices,0
peppy,0
riper,0
fogey,0
gists,0
yogas,0
gilts,0
skews,0
cedes,0
zeals,0
alums,0
okays,0
elope,0
grump,0
wafts,0
soots,0
blimp,0
hefts,0
mulls,0
hosed,0
cress,0
doffs,0
ruder,0
pixie,0
waifs,0
ousts,0
pucks,0
biers,0
gulch,0
suets,0
hobos,0
lints,0
brans,0
teals,0
garbs,0
pewee,0
helms,0
turfs,0
quips,0
wends,0
banes,0
napes,0
icier,0
swats,0
bagel,0
hexed,0
ogres,0
goner,0
gilds,0
pyres,0
lards,0
bides,0
paged,0
talon,0
flout,0
medic,0
veals,0
putts,0
dirks,0
dotes,0
tippy,0
blurt,0
piths,0
acing,0
barer,0
whets,0
gaits,0
wools,0
dunks,0
heros,0
swabs,0
dirts,0
jutes,0
hemps,0
surfs,0
okapi,0
chows,0
shoos,0
dusks,0
parry,0
decal,0
furls,0
cilia,0
sears,0
novae,0
murks,0
warps,0
slues,0
lamer,0
saris,0
weans,0
purrs,0
dills,0
togas,0
newts,0
meany,0
bunts,0
razes,0
goons,0
wicks,0
ruses,0
vends,0
geode,0
drake,0
judos,0
lofts,0
pulps,0
lauds,0
mucks,0
vises,0
mocha,0
oiled,0
roman,0
ethyl,0
gotta,0
fugue,0
smack,0
gourd,0
bumpy,0
radix,0
fatty,0
borax,0
cubit,0
cacti,0
gamma,0
focal,0
avail,0
papal,0
golly,0
elite,0
versa,0
billy,0
adieu,0
annum,0
howdy,0
rhino,0
norms,0
bobby,0
axiom,0
setup,0
yolks,0
terns,0
mixer,0
genre,0
knoll,0
abode,0
junta,0
gorge,0
combo,0
alpha,0
overt,0
kinda,0
spelt,0
prick,0
nobly,0
ephod,0
audio,0
modal,0
veldt,0
warty,0
fluke,0
bonny,0
bream,0
rosin,0
bolls,0
doers,0
downs,0
beady,0
motif,0
humph,0
fella,0
mould,0
crepe,0
kerns,0
aloha,0
glyph,0
azure,0
riser,0
blest,0
locus,0
lumpy,0
beryl,0
wanna,0
brier,0
tuner,0
rowdy,0
mural,0
timer,0
canst,0
krill,0
quoth,0
lemme,0
triad,0
tenon,0
amply,0
deeps,0
padre,0
leant,0
pacer,0
octal,0
dolly,0
trans,0
sumac,0
foamy,0
lolly,0
giver,0
quipu,0
codex,0
manna,0
unwed,0
vodka,0
ferny,0
salon,0
duple,0
boron,0
revue,0
crier,0
alack,0
inter,0
dilly,0
whist,0
cults,0
spake,0
reset,0
loess,0
decor,0
mover,0
verve,0
ethic,0
gamut,0
lingo,0
dunno,0
align,0
sissy,0
incur,0
reedy,0
avant,0
piper,0
waxer,0
calyx,0
basil,0
coons,0
seine,0
piney,0
lemma,0
trams,0
winch,0
whirr,0
saith,0
ionic,0
heady,0
harem,0
tummy,0
sally,0
shied,0
dross,0
farad,0
saver,0
tilde,0
jingo,0
bower,0
serif,0
facto,0
belle,0
inset,0
bogus,0
caved,0
forte,0
sooty,0
bongo,0
toves,0
credo,0
basal,0
yella,0
aglow,0
glean,0
gusto,0
hymen,0
ethos,0
terra,0
brash,0
scrip,0
swash,0
aleph,0
tinny,0
itchy,0
wanta,0
trice,0
jowls,0
gongs,0
garde,0
boric,0
twill,0
sower,0
henry,0
awash,0
libel,0
spurn,0
sabre,0
rebut,0
penal,0
obese,0
sonny,0
quirt,0
mebbe,0
tacit,0
greek,0
xenon,0
hullo,0
pique,0
roger,0
negro,0
hadst,0
gecko,0
beget,0
uncut,0
aloes,0
louis,0
quint,0
clunk,0
raped,0
salvo,0
diode,0
matey,0
hertz,0
xylem,0
kiosk,0
apace,0
cawed,0
peter,0
wench,0
cohos,0
sorta,0
gamba,0
bytes,0
tango,0
nutty,0
axial,0
aleck,0
natal,0
clomp,0
gored,0
siree,0
bandy,0
gunny,0
runic,0
whizz,0
rupee,0
fated,0
wiper,0
bards,0
briny,0
staid,0
hocks,0
ochre,0
yummy,0
gents,0
soupy,0
roper,0
swath,0
cameo,0
edger,0
spate,0
gimme,0
ebbed,0
breve,0
theta,0
deems,0
dykes,0
servo,0
telly,0
tabby,0
tares,0
blocs,0
welch,0
ghoul,0
vitae,0
cumin,0
dinky,0
bronc,0
tabor,0
teeny,0
comer,0
borer,0
sired,0
privy,0
mammy,0
deary,0
gyros,0
sprit,0
conga,0
quire,0
thugs,0
furor,0
bloke,0
runes,0
bawdy,0
cadre,0
toxin,0
annul,0
egged,0
anion,0
nodes,0
picky,0
stein,0
jello,0
audit,0
echos,0
fagot,0
letup,0
eyrie,0
fount,0
caped,0
axons,0
amuck,0
banal,0
riled,0
petit,0
umber,0
miler,0
fibre,0
agave,0
bated,0
bilge,0
vitro,0
feint,0
pudgy,0
mater,0
manic,0
umped,0
pesky,0
strep,0
slurp,0
pylon,0
puree,0
caret,0
temps,0
newel,0
yawns,0
seedy,0
treed,0
coups,0
rangy,0
brads,0
mangy,0
loner,0
circa,0
tibia,0
afoul,0
mommy,0
titer,0
carne,0
kooky,0
motes,0
amity,0
suave,0
hippo,0
curvy,0
samba,0
newsy,0
anise,0
imams,0
tulle,0
aways,0
liven,0
hallo,0
wales,0
opted,0
canto,0
idyll,0
bodes,0
curio,0
wrack,0
hiker,0
chive,0
yokel,0
dotty,0
demur,0
cusps,0
specs,0
quads,0
laity,0
toner,0
decry,0
writs,0
saute,0
clack,0
aught,0
logos,0
tipsy,0
natty,0
ducal,0
bidet,0
bulgy,0
metre,0
lusts,0
unary,0
goeth,0
baler,0
sited,0
shies,0
hasps,0
brung,0
holed,0
swank,0
looky,0
melee,0
huffy,0
loamy,0
pimps,0
titan,0
binge,0
shunt,0
femur,0
libra,0
seder,0
honed,0
annas,0
coypu,0
shims,0
zowie,0
jihad,0
savvy,0
nadir,0
basso,0
monic,0
maned,0
mousy,0
omega,0
laver,0
prima,0
picas,0
folio,0
mecca,0
reals,0
troth,0
testy,0
balky,0
crimp,0
chink,0
abets,0
splat,0
abaci,0
vaunt,0
cutie,0
pasty,0
moray,0
levis,0
ratty,0
islet,0
joust,0
motet,0
viral,0
nukes,0
grads,0
comfy,0
voila,0
woozy,0
blued,0
whomp,0
sward,0
metro,0
skeet,0
chine,0
aerie,0
bowie,0
tubby,0
emirs,0
coati,0
unzip,0
slobs,0
trike,0
funky,0
ducat,0
dewey,0
skoal,0
wadis,0
oomph,0
taker,0
minim,0
getup,0
stoic,0
synod,0
runty,0
flyby,0
braze,0
inlay,0
venue,0
louts,0
peaty,0
orlon,0
humpy,0
radon,0
beaut,0
raspy,0
unfed,0
crick,0
nappy,0
vizor,0
yipes,0
rebus,0
divot,0
kiwis,0
vetch,0
squib,0
sitar,0
kiddo,0
dyers,0
cotta,0
matzo,0
lager,0
zebus,0
crass,0
dacha,0
kneed,0
dicta,0
fakir,0
knurl,0
runny,0
unpin,0
julep,0
globs,0
nudes,0
sushi,0
tacky,0
stoke,0
kaput,0
butch,0
hulas,0
croft,0
achoo,0
genii,0
nodal,0
outgo,0
spiel,0
viols,0
fetid,0
cagey,0
fudgy,0
epoxy,0
leggy,0
hanky,0
lapis,0
felon,0
beefy,0
coots,0
melba,0
caddy,0
segue,0
betel,0
frizz,0
drear,0
kooks,0
turbo,0
hoagy,0
moult,0
helix,0
zonal,0
arias,0
nosey,0
paean,0
lacey,0
banns,0
swain,0
fryer,0
retch,0
tenet,0
gigas,0
whiny,0
ogled,0
rumen,0
begot,0
cruse,0
abuts,0
riven,0
balks,0
sines,0
sigma,0
abase,0
ennui,0
gores,0
unset,0
augur,0
sated,0
odium,0
latin,0
dings,0
moire,0
scion,0
henna,0
kraut,0
dicks,0
lifer,0
prigs,0
bebop,0
gages,0
gazer,0
fanny,0
gibes,0
aural,0
tempi,0
hooch,0
rapes,0
snuck,0
harts,0
techs,0
emend,0
ninny,0
guava,0
scarp,0
liege,0
tufty,0
sepia,0
tomes,0
carob,0
emcee,0
prams,0
poser,0
verso,0
hubba,0
joule,0
baize,0
blips,0
scrim,0
cubby,0
clave,0
winos,0
rearm,0
liens,0
lumen,0
chump,0
nanny,0
trump,0
fichu,0
chomp,0
homos,0
purty,0
maser,0
woosh,0
patsy,0
shill,0
rusks,0
avast,0
swami,0
boded,0
ahhhh,0
lobed,0
natch,0
shish,0
tansy,0
snoot,0
payer,0
altho,0
sappy,0
laxer,0
hubby,0
aegis,0
riles,0
ditto,0
jazzy,0
dingo,0
quasi,0
septa,0
peaky,0
lorry,0
heerd,0
bitty,0
payee,0
seamy,0
apses,0
imbue,0
belie,0
chary,0
spoof,0
phyla,0
clime,0
babel,0
wacky,0
sumps,0
skids,0
khans,0
crypt,0
inure,0
nonce,0
outen,0
faire,0
hooey,0
anole,0
kazoo,0
calve,0
limbo,0
argot,0
ducky,0
faker,0
vibes,0
gassy,0
unlit,0
nervy,0
femme,0
biter,0
fiche,0
boors,0
gaffe,0
saxes,0
recap,0
synch,0
facie,0
dicey,0
ouija,0
hewer,0
legit,0
gurus,0
edify,0
tweak,0
caron,0
typos,0
rerun,0
polly,0
surds,0
hamza,0
nulls,0
hater,0
lefty,0
mogul,0
mafia,0
debug,0
pates,0
blabs,0
splay,0
talus,0
porno,0
moola,0
nixed,0
kilos,0
snide,0
horsy,0
gesso,0
jaggy,0
trove,0
nixes,0
creel,0
pater,0
iotas,0
cadge,0
skyed,0
hokum,0
furze,0
ankhs,0
curie,0
nutsy,0
hilum,0
remix,0
angst,0
burls,0
jimmy,0
veiny,0
tryst,0
codon,0
befog,0
gamed,0
flume,0
axman,0
doozy,0
lubes,0
rheas,0
bozos,0
butyl,0
kelly,0
mynah,0
jocks,0
donut,0
avian,0
wurst,0
chock,0
quash,0
quals,0
hayed,0
bombe,0
cushy,0
spacy,0
puked,0
leery,0
thews,0
prink,0
amens,0
tesla,0
intro,0
fiver,0
frump,0
capos,0
opine,0
coder,0
namer,0
jowly,0
pukes,0
haled,0
chard,0
duffs,0
bruin,0
reuse,0
whang,0
toons,0
frats,0
silty,0
telex,0
cutup,0
nisei,0
neato,0
decaf,0
softy,0
bimbo,0
adlib,0
loony,0
shoed,0
agues,0
peeve,0
noway,0
gamey,0
sarge,0
reran,0
epact,0
potty,0
coned,0
upend,0
narco,0
ikats,0
whorl,0
jinks,0
tizzy,0
weepy,0
posit,0
marge,0
vegan,0
clops,0
numbs,0
reeks,0
rubes,0
rower,0
biped,0
tiffs,0
hocus,0
hammy,0
bunco,0
fixit,0
tykes,0
chaws,0
yucky,0
hokey,0
resew,0
maven,0
adman,0
scuzz,0
slogs,0
souse,0
nacho,0
mimed,0
melds,0
boffo,0
debit,0
pinup,0
vagus,0
gulag,0
randy,0
bosun,0
educe,0
faxes,0
auras,0
pesto,0
antsy,0
betas,0
fizzy,0
dorky,0
snits,0
moxie,0
thane,0
mylar,0
nobby,0
gamin,0
gouty,0
esses,0
goyim,0
paned,0
druid,0
jades,0
rehab,0
gofer,0
tzars,0
octet,0
homed,0
socko,0
dorks,0
eared,0
anted,0
elide,0
fazes,0
oxbow,0
dowse,0
situs,0
macaw,0
scone,0
drily,0
hyper,0
salsa,0
mooch,0
gated,0
unjam,0
lipid,0
mitre,0
venal,0
knish,0
ritzy,0
divas,0
torus,0
mange,0
dimer,0
recut,0
meson,0
wined,0
fends,0
phage,0
fiats,0
caulk,0
cavil,0
panty,0
roans,0
bilks,0
hones,0
botch,0
estop,0
sully,0
sooth,0
gelds,0
ahold,0
raper,0
pager,0
fixer,0
infix,0
hicks,0
tuxes,0
plebe,0
twits,0
abash,0
twixt,0
wacko,0
primp,0
nabla,0
girts,0
miffs,0
emote,0
xerox,0
rebid,0
shahs,0
rutty,0
grout,0
grift,0
deify,0
biddy,0
kopek,0
semis,0
bries,0
acmes,0
piton,0
hussy,0
torts,0
disco,0
whore,0
boozy,0
gibed,0
vamps,0
amour,0
soppy,0
gonzo,0
durst,0
wader,0
tutus,0
perms,0
catty,0
glitz,0
brigs,0
nerds,0
barmy,0
gizmo,0
owlet,0
sayer,0
molls,0
shard,0
whops,0
comps,0
corer,0
colas,0
matte,0
droid,0
ploys,0
vapid,0
cairn,0
deism,0
mixup,0
yikes,0
prosy,0
raker,0
flubs,0
whish,0
reify,0
craps,0
shags,0
clone,0
hazed,0
macho,0
recto,0
refix,0
drams,0
biker,0
aquas,0
porky,0
doyen,0
exude,0
goofs,0
divvy,0
noels,0
jived,0
hulky,0
cager,0
harpy,0
oldie,0
vivas,0
admix,0
codas,0
zilch,0
deist,0
orcas,0
retro,0
pilaf,0
parse,0
rants,0
zingy,0
toddy,0
chiff,0
micro,0
veeps,0
girly,0
nexus,0
demos,0
bibbs,0
antes,0
lulus,0
gnarl,0
zippy,0
ivied,0
epees,0
wimps,0
tromp,0
grail,0
yoyos,0
poufs,0
hales,0
roust,0
cabal,0
rawer,0
pampa,0
mosey,0
kefir,0
burgs,0
unmet,0
cuspy,0
boobs,0
boons,0
hypes,0
dynes,0
nards,0
lanai,0
yogis,0
sepal,0
quark,0
toked,0
prate,0
ayins,0
hawed,0
swigs,0
vitas,0
toker,0
doper,0
bossa,0
linty,0
foist,0
mondo,0
stash,0
kayos,0
twerp,0
zesty,0
capon,0
wimpy,0
rewed,0
fungo,0
tarot,0
frosh,0
kabob,0
pinko,0
redid,0
mimeo,0
heist,0
tarps,0
lamas,0
sutra,0
dinar,0
whams,0
busty,0
spays,0
mambo,0
nabob,0
preps,0
odour,0
cabby,0
conks,0
sluff,0
dados,0
houri,0
swart,0
balms,0
gutsy,0
faxed,0
egads,0
pushy,0
retry,0
agora,0
drubs,0
daffy,0
chits,0
mufti,0
karma,0
lotto,0
toffs,0
burps,0
deuce,0
zings,0
kappa,0
clads,0
doggy,0
duper,0
scams,0
ogler,0
mimes,0
throe,0
zetas,0
waled,0
promo,0
blats,0
muffs,0
oinks,0
viand,0
coset,0
finks,0
faddy,0
minis,0
snafu,0
sauna,0
usury,0
muxes,0
craws,0
stats,0
condo,0
coxes,0
loopy,0
dorms,0
ascot,0
dippy,0
execs,0
dopey,0
envoi,0
umpty,0
gismo,0
fazed,0
strop,0
jives,0
slims,0
batik,0
pings,0
sonly,0
leggo,0
pekoe,0
prawn,0
luaus,0
campy,0
oodle,0
prexy,0
proms,0
touts,0
ogles,0
tweet,0
toady,0
naiad,0
hider,0
nuked,0
fatso,0
sluts,0
obits,0
narcs,0
tyros,0
delis,0
wooer,0
hyped,0
poset,0
byway,0
texas,0
scrod,0
avows,0
futon,0
torte,0
tuple,0
carom,0
kebab,0
tamps,0
jilts,0
duals,0
artsy,0
repro,0
modem,0
toped,0
psych,0
sicko,0
klutz,0
tarns,0
coxed,0
drays,0
cloys,0
anded,0
piker,0
aimer,0
suras,0
limos,0
flack,0
hapax,0
dutch,0
mucky,0
shire,0
klieg,0
staph,0
layup,0
tokes,0
axing,0
toper,0
duvet,0
cowry,0
profs,0
blahs,0
addle,0
sudsy,0
batty,0
coifs,0
suety,0
gabby,0
hafta,0
pitas,0
gouda,0
deice,0
taupe,0
topes,0
duchy,0
nitro,0
carny,0
limey,0
orals,0
hirer,0
taxer,0
roils,0
ruble,0
elate,0
dolor,0
wryer,0
snots,0
quais,0
coked,0
gimel,0
gorse,0
minas,0
goest,0
agape,0
manta,0
jings,0
iliac,0
admen,0
offen,0
cills,0
offal,0
lotta,0
bolas,0
thwap,0
alway,0
boggy,0
donna,0
locos,0
belay,0
gluey,0
bitsy,0
mimsy,0
hilar,0
outta,0
vroom,0
fetal,0
raths,0
renal,0
dyads,0
crocs,0
vires,0
culpa,0
kivas,0
feist,0
teats,0
thats,0
yawls,0
whens,0
abaca,0
ohhhh,0
aphis,0
fusty,0
eclat,0
perdu,0
mayst,0
exeat,0
molly,0
supra,0
wetly,0
plasm,0
buffa,0
semen,0
pukka,0
tagua,0
paras,0
stoat,0
secco,0
carte,0
haute,0
molal,0
shads,0
forma,0
ovoid,0
pions,0
modus,0
bueno,0
rheum,0
scurf,0
parer,0
ephah,0
doest,0
sprue,0
flams,0
molto,0
dieth,0
choos,0
miked,0
bronx,0
goopy,0
bally,0
plumy,0
moony,0
morts,0
yourn,0
bipod,0
spume,0
algal,0
ambit,0
mucho,0
spued,0
dozer,0
harum,0
groat,0
skint,0
laude,0
thrum,0
pappy,0
oncet,0
rimed,0
gigue,0
limed,0
plein,0
redly,0
humpf,0
lites,0
seest,0
grebe,0
absit,0
thanx,0
pshaw,0
yawps,0
plats,0
payed,0
areal,0
tilth,0
youse,0
gwine,0
thees,0
watsa,0
lento,0
spitz,0
yawed,0
gipsy,0
sprat,0
cornu,0
amahs,0
blowy,0
wahoo,0
lubra,0
mecum,0
whooo,0
coqui,0
sabra,0
edema,0
mrads,0
dicot,0
astro,0
kited,0
ouzel,0
didos,0
grata,0
bonne,0
axmen,0
klunk,0
summa,0
laves,0
purls,0
yawny,0
teary,0
masse,0
largo,0
bazar,0
pssst,0
sylph,0
lulab,0
toque,0
fugit,0
plunk,0
ortho,0
lucre,0
cooch,0
whipt,0
folky,0
tyres,0
wheee,0
corky,0
injun,0
solon,0
didot,0
kerfs,0
rayed,0
wassa,0
chile,0
begat,0
nippy,0
litre,0
magna,0
rebox,0
hydro,0
milch,0
brent,0
gyves,0
lazed,0
feued,0
mavis,0
inapt,0
baulk,0
casus,0
scrum,0
wised,0
fossa,0
dower,0
kyrie,0
bhoys,0
scuse,0
feuar,0
ohmic,0
juste,0
ukase,0
beaux,0
tusky,0
orate,0
musta,0
lardy,0
intra,0
quiff,0
epsom,0
neath,0
ocher,0
tared,0
homme,0
mezzo,0
corms,0
psoas,0
beaky,0
terry,0
infra,0
spivs,0
tuans,0
belli,0
bergs,0
anima,0
weirs,0
mahua,0
scops,0
manse,0
titre,0
curia,0
kebob,0
cycad,0
talky,0
fucks,0
tapis,0
amide,0
dolce,0
sloes,0
jakes,0
russe,0
blash,0
tutti,0
pruta,0
panga,0
blebs,0
tench,0
swarf,0
herem,0
missy,0
merse,0
pawky,0
limen,0
vivre,0
chert,0
unsee,0
tiros,0
brack,0
foots,0
welsh,0
fosse,0
knops,0
ileum,0
noire,0
firma,0
podgy,0
laird,0
thunk,0
shute,0
rowan,0
shoji,0
poesy,0
uncap,0
fames,0
glees,0
costa,0
turps,0
fores,0
solum,0
imago,0
byres,0
fondu,0
coney,0
polis,0
dictu,0
kraal,0
sherd,0
mumbo,0
wroth,0
chars,0
unbox,0
vacuo,0
slued,0
weest,0
hades,0
wiled,0
syncs,0
muser,0
excon,0
hoars,0
sibyl,0
passe,0
joeys,0
lotsa,0
lepta,0
shays,0
bocks,0
endue,0
darer,0
nones,0
ileus,0
plash,0
busby,0
wheal,0
buffo,0
yobbo,0
biles,0
poxes,0
rooty,0
licit,0
terce,0
bromo,0
hayey,0
dweeb,0
imbed,0
saran,0
bruit,0
punky,0
softs,0
biffs,0
loppy,0
agars,0
aquae,0
livre,0
biome,0
bunds,0
shews,0
diems,0
ginny,0
degum,0
polos,0
desex,0
unman,0
dungy,0
vitam,0
wedgy,0
glebe,0
apers,0
ridgy,0
roids,0
wifey,0
vapes,0
whoas,0
bunko,0
yolky,0
ulnas,0
reeky,0
bodge,0
brant,0
davit,0
deque,0
liker,0
jenny,0
tacts,0
fulls,0
treap,0
ligne,0
acked,0
refry,0
vower,0
aargh,0
churl,0
momma,0
gaols,0
whump,0
arras,0
marls,0
tiler,0
grogs,0
memes,0
midis,0
tided,0
haler,0
duces,0
twiny,0
poste,0
unrig,0
prise,0
drabs,0
quids,0
facer,0
spier,0
baric,0
geoid,0
remap,0
trier,0
gunks,0
steno,0
stoma,0
airer,0
ovate,0
torah,0
apian,0
smuts,0
pocks,0
yurts,0
exurb,0
defog,0
nuder,0
bosky,0
nimbi,0
mothy,0
joyed,0
labia,0
pards,0
jammy,0
bigly,0
faxer,0
hoppy,0
nurbs,0
cotes,0
dishy,0
vised,0
celeb,0
pismo,0
casas,0
withs,0
dodgy,0
scudi,0
mungs,0
muons,0
ureas,0
ioctl,0
unhip,0
krone,0
sager,0
verst,0
expat,0
gronk,0
uvula,0
shawm,0
bilgy,0
braes,0
cento,0
webby,0
lippy,0
gamic,0
lordy,0
mazed,0
tings,0
shoat,0
faery,0
wirer,0
diazo,0
carer,0
rater,0
greps,0
rente,0
zloty,0
viers,0
unapt,0
poops,0
fecal,0
kepis,0
taxon,0
eyers,0
wonts,0
spina,0
stoae,0
yenta,0
pooey,0
buret,0
japan,0
bedew,0
hafts,0
selfs,0
oared,0
herby,0
pryer,0
oakum,0
dinks,0
titty,0
sepoy,0
penes,0
fusee,0
winey,0
gimps,0
nihil,0
rille,0
giber,0
ousel,0
umiak,0
cuppy,0
hames,0
shits,0
azine,0
glads,0
tacet,0
bumph,0
coyer,0
honky,0
gamer,0
gooky,0
waspy,0
sedgy,0
bents,0
varia,0
djinn,0
junco,0
pubic,0
wilco,0
lazes,0
idyls,0
lupus,0
rives,0
snood,0
schmo,0
spazz,0
finis,0
noter,0
pavan,0
orbed,0
bates,0
pipet,0
baddy,0
goers,0
shako,0
stets,0
sebum,0
seeth,0
lobar,0
raver,0
ajuga,0
riced,0
velds,0
dribs,0
ville,0
dhows,0
unsew,0
halma,0
krona,0
limby,0
jiffs,0
treys,0
bauds,0
pffft,0
mimer,0
plebs,0
caner,0
jiber,0
cuppa,0
washy,0
chuff,0
unarm,0
yukky,0
styes,0
waker,0
flaks,0
maces,0
rimes,0
gimpy,0
guano,0
liras,0
kapok,0
scuds,0
bwana,0
oring,0
aider,0
prier,0
klugy,0
monte,0
golem,0
velar,0
firer,0
pieta,0
umbel,0
campo,0
unpeg,0
fovea,0
abeam,0
boson,0
asker,0
goths,0
vocab,0
vined,0
trows,0
tikis,0
loper,0
indie,0
boffs,0
spang,0
grapy,0
tater,0
ichor,0
kilty,0
lochs,0
supes,0
degas,0
flics,0
torsi,0
beths,0
weber,0
resaw,0
lawny,0
coven,0
mujik,0
relet,0
therm,0
heigh,0
shnor,0
trued,0
zayin,0
liest,0
barfs,0
bassi,0
qophs,0
roily,0
flabs,0
punny,0
okras,0
hanks,0
dipso,0
nerfs,0
fauns,0
calla,0
pseud,0
lurer,0
magus,0
obeah,0
atria,0
twink,0
palmy,0
pocky,0
pends,0
recta,0
plonk,0
slaws,0
keens,0
nicad,0
pones,0
inker,0
whews,0
groks,0
mosts,0
trews,0
ulnar,0
gyppy,0
cocas,0
expos,0
eruct,0
oiler,0
vacua,0
dreck,0
dater,0
arums,0
tubal,0
voxel,0
dixit,0
beery,0
assai,0
lades,0
actin,0
ghoti,0
buzzy,0
meads,0
grody,0
ribby,0
clews,0
creme,0
email,0
pyxie,0
kulak,0
bocci,0
rived,0
duddy,0
hoper,0
lapin,0
wonks,0
petri,0
phial,0
fugal,0
holon,0
boomy,0
duomo,0
musos,0
shier,0
hayer,0
porgy,0
hived,0
litho,0
fisty,0
stagy,0
luvya,0
maria,0
smogs,0
asana,0
yogic,0
slomo,0
fawny,0
amine,0
wefts,0
gonad,0
twirp,0
brava,0
plyer,0
fermi,0
loges,0
niter,0
revet,0
unate,0
gyved,0
totty,0
zappy,0
honer,0
giros,0
dicer,0
calks,0
luxes,0
monad,0
cruft,0
quoin,0
fumer,0
amped,0
shlep,0
vinca,0
yahoo,0
vulva,0
zooey,0
dryad,0
nixie,0
moper,0
iambs,0
lunes,0
nudie,0
limns,0
weals,0
nohow,0
miaow,0
gouts,0
mynas,0
mazer,0
kikes,0
oxeye,0
stoup,0
jujus,0
debar,0
pubes,0
taels,0
defun,0
rands,0
blear,0
paver,0
goosy,0
sprog,0
oleos,0
toffy,0
pawer,0
maced,0
crits,0
kluge,0
tubed,0
sahib,0
ganef,0
scats,0
sputa,0
vaned,0
acned,0
taxol,0
plink,0
oweth,0
tribs,0
resay,0
boule,0
thous,0
haply,0
glans,0
maxis,0
bezel,0
antis,0
porks,0
quoit,0
alkyd,0
glary,0
beamy,0
hexad,0
bonks,0
tecum,0
kerbs,0
filar,0
frier,0
redux,0
abuzz,0
fader,0
shoer,0
couth,0
trues,0
guyed,0
goony,0
booky,0
fuzes,0
hurly,0
genet,0
hodad,0
calix,0
filer,0
pawls,0
iodic,0
utero,0
henge,0
unsay,0
liers,0
piing,0
weald,0
sexed,0
folic,0
poxed,0
cunts,0
anile,0
kiths,0
becks,0
tatty,0
plena,0
rebar,0
abled,0
toyer,0
attar,0
teaks,0
aioli,0
awing,0
anent,0
feces,0
redip,0
wists,0
prats,0
mesne,0
muter,0
smurf,0
owest,0
bahts,0
lossy,0
ftped,0
hunky,0
hoers,0
slier,0
sicks,0
fatly,0
delft,0
hiver,0
himbo,0
pengo,0
busks,0
loxes,0
zonks,0
ilium,0
aport,0
ikons,0
mulct,0
reeve,0
civvy,0
canna,0
barfy,0
kaiak,0
scudo,0
knout,0
gaper,0
bhang,0
pease,0
uteri,0
lases,0
paten,0
rasae,0
axels,0
stoas,0
ombre,0
styli,0
gunky,0
hazer,0
kenaf,0
ahoys,0
ammos,0
weeny,0
urger,0
kudzu,0
paren,0
bolos,0
fetor,0
nitty,0
techy,0
lieth,0
somas,0
darky,0
villi,0
gluon,0
janes,0
cants,0
farts,0
socle,0
jinns,0
ruing,0
slily,0
ricer,0
hadda,0
wowee,0
rices,0
nerts,0
cauls,0
swive,0
lilty,0
micks,0
arity,0
pasha,0
finif,0
oinky,0
gutty,0
tetra,0
wises,0
wolds,0
balds,0
picot,0
whats,0
shiki,0
bungs,0
snarf,0
legos,0
dungs,0
stogy,0
berms,0
tangs,0
vails,0
roods,0
morel,0
sware,0
elans,0
latus,0
gules,0
razer,0
doxie,0
buena,0
overs,0
gutta,0
zincs,0
nates,0
kirks,0
tikes,0
donee,0
jerry,0
mohel,0
ceder,0
doges,0
unmap,0
folia,0
rawly,0
snark,0
topoi,0
ceils,0
immix,0
yores,0
diest,0
bubba,0
pomps,0
forky,0
turdy,0
lawzy,0
poohs,0
worts,0
gloms,0
beano,0
muley,0
barky,0
tunny,0
auric,0
funks,0
gaffs,0
cordy,0
curdy,0
lisle,0
toric,0
soyas,0
reman,0
mungy,0
carpy,0
apish,0
oaten,0
gappy,0
aurae,0
bract,0
rooky,0
axled,0
burry,0
sizer,0
proem,0
turfy,0
impro,0
mashy,0
miens,0
nonny,0
olios,0
grook,0
sates,0
agley,0
corgi,0
dashy,0
doser,0
dildo,0
apsos,0
xored,0
laker,0
playa,0
selah,0
malty,0
dulse,0
frigs,0
demit,0
whoso,0
rials,0
sawer,0
spics,0
bedim,0
snugs,0
fanin,0
azoic,0
icers,0
suers,0
wizen,0
koine,0
topos,0
shirr,0
rifer,0
feral,0
laded,0
lased,0
turds,0
swede,0
easts,0
cozen,0
unhit,0
pally,0
aitch,0
sedum,0
coper,0
ruche,0
geeks,0
swags,0
etext,0
algin,0
offed,0
ninja,0
holer,0
doter,0
toter,0
besot,0
dicut,0
macer,0
peens,0
pewit,0
redox,0
poler,0
yecch,0
fluky,0
doeth,0
twats,0
cruds,0
bebug,0
bider,0
stele,0
hexer,0
wests,0
gluer,0
pilau,0
abaft,0
whelm,0
lacer,0
inode,0
tabus,0
gator,0
cuing,0
refly,0
luted,0
cukes,0
bairn,0
bight,0
arses,0
crump,0
loggy,0
blini,0
spoor,0
toyon,0
harks,0
wazoo,0
fenny,0
naves,0
keyer,0
tufas,0
morph,0
rajas,0
typal,0
spiff,0
oxlip,0
unban,0
mussy,0
finny,0
rimer,0
login,0
molas,0
cirri,0
huzza,0
agone,0
unsex,0
unwon,0
peats,0
toile,0
zombi,0
dewed,0
nooky,0
alkyl,0
ixnay,0
dovey,0
holey,0
cuber,0
amyls,0
podia,0
chino,0
apnea,0
prims,0
lycra,0
johns,0
primo,0
fatwa,0
egger,0
hempy,0
snook,0
hying,0
fuzed,0
barms,0
crink,0
moots,0
yerba,0
rhumb,0
unarc,0
direr,0
munge,0
eland,0
nares,0
wrier,0
noddy,0
atilt,0
jukes,0
ender,0
thens,0
unfix,0
doggo,0
zooks,0
diddy,0
shmoo,0
brusk,0
prest,0
curer,0
pasts,0
kelpy,0
bocce,0
kicky,0
taros,0
lings,0
dicky,0
nerdy,0
abend,0
stela,0
biggy,0
laved,0
baldy,0
pubis,0
gooks,0
wonky,0
stied,0
hypos,0
assed,0
spumy,0
osier,0
roble,0
rumba,0
biffy,0
pupal,0
